Level1,Level2,attractiveness,Difference,CI_low,CI_high,pd,ROPE_Percentage
Hard,Easy,Interesting,0.5496398312435369,0.16203789043120392,0.933890529072711,0.99975,0
Hard,Easy,Boring,0.5096023601869899,0.11629841997727079,0.9103769624736215,0.999875,0
