Parameter,Median,CI,CI_low,CI_high,pd,ROPE_CI,ROPE_low,ROPE_high,ROPE_Percentage,Rhat,ESS
b_Intercept,3.0854106349500077,0.95,2.8399795362173097,3.3252208721703105,1,0.95,-0.20828677390831227,0.20828677390831227,0,0.999945687937872,5913.077017835689
b_difficultyHard,0.50960236018699,0.95,0.2201916874762353,0.8147892372325654,0.999875,0.95,-0.20828677390831227,0.20828677390831227,0,0.9999316847481484,8376.727920750769
b_attractivenessInteresting,-1.0909849340417526,0.95,-1.3862753525395712,-0.7916115052056709,1,0.95,-0.20828677390831227,0.20828677390831227,0,0.9998407310962668,8270.85024215025
b_difficultyHard:attractivenessInteresting,0.03632704073084995,0.95,-0.3867113591469006,0.45646423842397854,0.5675,0.95,-0.20828677390831227,0.20828677390831227,0.7046052631578947,1.0003914078016416,7343.809763533112
