Parameter,Median,CI,CI_low,CI_high,pd,ROPE_CI,ROPE_low,ROPE_high,ROPE_Percentage,Rhat,ESS
b_Intercept,-0.28537344352917643,0.95,-0.38157851426773265,-0.18895578017598802,1,0.95,-0.1813799364234218,0.1813799364234218,0,1.0001127365364952,6880.328778025893
b_difficultyHard,-2.211433787144614,0.95,-2.414123271520751,-2.0125496958353875,1,0.95,-0.1813799364234218,0.1813799364234218,0,1.000098801094435,5309.214891424741
b_attractivenessInteresting,2.097784262695859,0.95,1.9339942934239556,2.2603659350949767,1,0.95,-0.1813799364234218,0.1813799364234218,0,0.9999288987572914,5699.207854851714
b_log_t,-0.04596557579293139,0.95,-0.0774330770809207,-0.014177101532235394,0.997875,0.95,-0.1813799364234218,0.1813799364234218,1,1.000003659053114,6992.540866084411
b_difficultyHard:attractivenessInteresting,0.9519749035393714,0.95,0.6934963593049351,1.2116092544746748,1,0.95,-0.1813799364234218,0.1813799364234218,0,1.000138400581792,4544.297464992282
b_difficultyHard:log_t,0.145227695465096,0.95,0.08286303935274472,0.2088992754837196,1,0.95,-0.1813799364234218,0.1813799364234218,0.8873684210526316,0.9999958608894484,5187.556783244714
b_attractivenessInteresting:log_t,-0.047431523681626064,0.95,-0.09829310510955877,0.005021662548548136,0.962125,0.95,-0.1813799364234218,0.1813799364234218,1,0.9996466718613334,5399.335387560625
b_difficultyHard:attractivenessInteresting:log_t,0.019109796909437954,0.95,-0.06463315823736955,0.1009891849807645,0.67025,0.95,-0.1813799364234218,0.1813799364234218,1,0.9999118886133458,4394.029217582515
