attractiveness,difficulty,response,lower.HPD,upper.HPD
Boring,Easy,0.40091930454863745,0.3842559026319062,0.4176281474564293
Interesting,Easy,0.8287897532513309,0.8151958374317572,0.841938539040447
Boring,Hard,0.09578352709778508,0.08560653585578205,0.10639856551859046
Interesting,Hard,0.6752663259818941,0.6591474604236612,0.6915545391834375
